COL_ONE,COL_TWO,COL_THREE,COL_FOUR,COL_FIVE,COL_SIX,COL_SEVEN,COL_EIGHT
"1","3","ty","5gf","we","gh","fd","f"
"1","3","ty","5gf","we","gh","fd","f"
"1","3","ty","5gf","we","gh","fd","f"
"1","3","ty","5gf","we","gh","fd","f"
"1","3","ty","5gf","we","gh","fd","f"
"1","3","ty","5gf","we","gh","fd","f"
"1","3","ty","5gf","we","gh","fd","f"
"1","3","ty","5gf","we","gh","fd","f"
"1","3","ty","5gf","we","gh","fd","f"
"1","3","ty","5gf","we","gh","fd","f"
"1","3","ty","5gf","we","gh","fd","f"
"1","3","ty","5gf","we","gh","fd","f"
"1","3","ty","5gf","we","gh","fd","f"
"1","3","ty","5gf","we","gh","fd","f"
"1","3","ty","5gf","we","gh","fd","f"
"1","3","ty","5gf","we","gh","fd","f"
"1","3","ty","5gf","we","gh","fd","f"
"1","3","ty","5gf","we","gh","fd","f"
"1","3","ty","5gf","we","gh","fd","f"
"1","3","ty","5gf","we","gh","fd","f"
"1","3","ty","5gf","we","gh","fd","f"
"1","3","ty","5gf","we","gh","fd","f"
"1","3","ty","5gf","we","gh","fd","f"
"1","3","ty","5gf","we","gh","fd","f"
"1","3","ty","5gf","we","gh","fd","f"
"1","3","ty","5gf","we","gh","fd","f"
"1","3","ty","5gf","we","gh","fd","f"
"1","3","ty","5gf","we","gh","fd","f"
"1","3","ty","5gf","we","gh","fd","f"
"1","3","ty","5gf","we","gh","fd","f"
"1","3","ty","5gf","we","gh","fd","f"
"1","3","ty","5gf","we","gh","fd","f"
"1","3","ty","5gf","we","gh","fd","f"
"1","3","ty","5gf","we","gh","fd","f"
"1","3","ty","5gf","we","gh","fd","f"
"1","3","ty","5gf","we","gh","fd","f"
"1","3","ty","5gf","we","gh","fd","f"
"1","3","ty","5gf","we","gh","fd","f"
"1","3","ty","5gf","we","gh","fd","f"
"1","3","ty","5gf","we","gh","fd","f"
"1","3","ty","5gf","we","gh","fd","f"
"1","3","ty","5gf","we","gh","fd","f"
"1","3","ty","5gf","we","gh","fd","f"
"1","3","ty","5gf","we","gh","fd","f"
"1","3","ty","5gf","we","gh","fd","f"
"1","3","ty","5gf","we","gh","fd","f"
"1","3","ty","5gf","we","gh","fd","f"
"1","3","ty","5gf","we","gh","fd","f"
"1","3","ty","5gf","we","gh","fd","f"
"1","3","ty","5gf","we","gh","fd","f"
"1","3","ty","5gf","we","gh","fd","f"
"1","3","ty","5gf","we","gh","fd","f"
"1","3","ty","5gf","we","gh","fd","f"
"1","3","ty","5gf","we","gh","fd","f"
"1","3","ty","5gf","we","gh","fd","f"
"1","3","ty","5gf","we","gh","fd","f"
"1","3","ty","5gf","we","gh","fd","f"
"1","3","ty","5gf","we","gh","fd","f"
"1","3","ty","5gf","we","gh","fd","f"
"1","3","ty","5gf","we","gh","fd","f"
"1","3","ty","5gf","we","gh","fd","f"
"1","3","ty","5gf","we","gh","fd","f"
"1","3","ty","5gf","we","gh","fd","f"
"1","3","ty","5gf","we","gh","fd","f"
"1","3","ty","5gf","we","gh","fd","f"
"1","3","ty","5gf","we","gh","fd","f"
"1","3","ty","5gf","we","gh","fd","f"
"1","3","ty","5gf","we","gh","fd","f"
"1","3","ty","5gf","we","gh","fd","f"
"1","3","ty","5gf","we","gh","fd","f"
"1","3","ty","5gf","we","gh","fd","f"
"1","3","ty","5gf","we","gh","fd","f"
"1","3","ty","5gf","we","gh","fd","f"
"1","3","ty","5gf","we","gh","fd","f"
"1","3","ty","5gf","we","gh","fd","f"
"1","3","ty","5gf","we","gh","fd","f"
"1","3","ty","5gf","we","gh","fd","f"
"1","3","ty","5gf","we","gh","fd","f"
"1","3","ty","5gf","we","gh","fd","f"
"1","3","ty","5gf","we","gh","fd","f"
"1","3","ty","5gf","we","gh","fd","f"
"1","3","ty","5gf","we","gh","fd","f"
"1","3","ty","5gf","we","gh","fd","f"
"1","3","ty","5gf","we","gh","fd","f"
"1","3","ty","5gf","we","gh","fd","f"
"1","3","ty","5gf","we","gh","fd","f"
"1","3","ty","5gf","we","gh","fd","f"
"1","3","ty","5gf","we","gh","fd","f"
"1","3","ty","5gf","we","gh","fd","f"
"1","3","ty","5gf","we","gh","fd","f"
"1","3","ty","5gf","we","gh","fd","f"
"1","3","ty","5gf","we","gh","fd","f"
"1","3","ty","5gf","we","gh","fd","f"
"1","3","ty","5gf","we","gh","fd","f"
"1","3","ty","5gf","we","gh","fd","f"
"1","3","ty","5gf","we","gh","fd","f"
"1","3","ty","5gf","we","gh","fd","f"
"1","3","ty","5gf","we","gh","fd","f"
"1","3","ty","5gf","we","gh","fd","f"
"1","3","ty","5gf","we","gh","fd","f"
"1","3","ty","5gf","we","gh","fd","f"
"1","3","ty","5gf","we","gh","fd","f"
"1","3","ty","5gf","we","gh","fd","f"
"1","3","ty","5gf","we","gh","fd","f"
"1","3","ty","5gf","we","gh","fd","f"
"1","3","ty","5gf","we","gh","fd","f"
"1","3","ty","5gf","we","gh","fd","f"
"1","3","ty","5gf","we","gh","fd","f"
"1","3","ty","5gf","we","gh","fd","f"
"1","3","ty","5gf","we","gh","fd","f"
"1","3","ty","5gf","we","gh","fd","f"
"1","3","ty","5gf","we","gh","fd","f"
"1","3","ty","5gf","we","gh","fd","f"
"1","3","ty","5gf","we","gh","fd","f"
"1","3","ty","5gf","we","gh","fd","f"
"1","3","ty","5gf","we","gh","fd","f"
"1","3","ty","5gf","we","gh","fd","f"
"1","3","ty","5gf","we","gh","fd","f"
"1","3","ty","5gf","we","gh","fd","f"
"1","3","ty","5gf","we","gh","fd","f"
"1","3","ty","5gf","we","gh","fd","f"
"1","3","ty","5gf","we","gh","fd","f"
"1","3","ty","5gf","we","gh","fd","f"
"1","3","ty","5gf","we","gh","fd","f"
"1","3","ty","5gf","we","gh","fd","f"
"1","3","ty","5gf","we","gh","fd","f"
"1","3","ty","5gf","we","gh","fd","f"
"1","3","ty","5gf","we","gh","fd","f"
"1","3","ty","5gf","we","gh","fd","f"
"1","3","ty","5gf","we","gh","fd","f"
"1","3","ty","5gf","we","gh","fd","f"
"1","3","ty","5gf","we","gh","fd","f"
"1","3","ty","5gf","we","gh","fd","f"
"1","3","ty","5gf","we","gh","fd","f"
"1","3","ty","5gf","we","gh","fd","f"
"1","3","ty","5gf","we","gh","fd","f"
"1","3","ty","5gf","we","gh","fd","f"
"1","3","ty","5gf","we","gh","fd","f"
"1","3","ty","5gf","we","gh","fd","f"
"1","3","ty","5gf","we","gh","fd","f"
"1","3","ty","5gf","we","gh","fd","f"
"1","3","ty","5gf","we","gh","fd","f"
"1","3","ty","5gf","we","gh","fd","f"
"1","3","ty","5gf","we","gh","fd","f"
"1","3","ty","5gf","we","gh","fd","f"
"1","3","ty","5gf","we","gh","fd","f"
"1","3","ty","5gf","we","gh","fd","f"
"1","3","ty","5gf","we","gh","fd","f"
"1","3","ty","5gf","we","gh","fd","f"
"1","3","ty","5gf","we","gh","fd","f"
"1","3","ty","5gf","we","gh","fd","f"
"1","3","ty","5gf","we","gh","fd","f"
"1","3","ty","5gf","we","gh","fd","f"
"1","3","ty","5gf","we","gh","fd","f"
"1","3","ty","5gf","we","gh","fd","f"
"1","3","ty","5gf","we","gh","fd","f"
"1","3","ty","5gf","we","gh","fd","f"
"1","3","ty","5gf","we","gh","fd","f"
"1","3","ty","5gf","we","gh","fd","f"
"1","3","ty","5gf","we","gh","fd","f"
"1","3","ty","5gf","we","gh","fd","f"
"1","3","ty","5gf","we","gh","fd","f"
"1","3","ty","5gf","we","gh","fd","f"
"1","3","ty","5gf","we","gh","fd","f"
"1","3","ty","5gf","we","gh","fd","f"
"1","3","ty","5gf","we","gh","fd","f"
"1","3","ty","5gf","we","gh","fd","f"
"1","3","ty","5gf","we","gh","fd","f"
"1","3","ty","5gf","we","gh","fd","f"
"1","3","ty","5gf","we","gh","fd","f"
"1","3","ty","5gf","we","gh","fd","f"
"1","3","ty","5gf","we","gh","fd","f"
"1","3","ty","5gf","we","gh","fd","f"
"1","3","ty","5gf","we","gh","fd","f"
"1","3","ty","5gf","we","gh","fd","f"
"1","3","ty","5gf","we","gh","fd","f"
"1","3","ty","5gf","we","gh","fd","f"
"1","3","ty","5gf","we","gh","fd","f"
"1","3","ty","5gf","we","gh","fd","f"
"1","3","ty","5gf","we","gh","fd","f"
"1","3","ty","5gf","we","gh","fd","f"
"1","3","ty","5gf","we","gh","fd","f"
"1","3","ty","5gf","we","gh","fd","f"
"1","3","ty","5gf","we","gh","fd","f"
"1","3","ty","5gf","we","gh","fd","f"
"1","3","ty","5gf","we","gh","fd","f"
"1","3","ty","5gf","we","gh","fd","f"

